pop22,pop23,pop24,pop25,pop26,pop27,pop28,pop29,pop30,trv1,trv2,trv3,trv4,trv5,trv6,trv7,trv8,trv9,trv10,trv11
0.7288465876924888,0.7288465876924888,0.7288465876924889,0.7288465876924888,0.7288465876924888,0.7288465876924888,0.7288465876924888,0.7288465876924888,0.7288465876924888,0.7288465876924888,0.7288465876924888,0.7288465876924889,0.7288465876924888,0.7288465876924888,0.7288465876924888,0.7288465876924888,0.7288465876924888,0.7288465876924888,0.7288465876924888,0.7288465876924889
0.012882366309001969,0.012882366309001747,0.012882366309001969,0.012882366309001969,0.012882366309002193,0.012882366309002413,0.012882366309001969,0.01288236630900186,0.01288236630900186,0.012882366309002302,0.012882366309001969,0.012882366309001969,0.012882366309002302,0.012882366309002193,0.01288236630900197,1.0,0.012882366309002193,0.01288236630900186,0.012882366309002193,0.01288236630900186
0.9646878448607067,0.9646878448607067,0.9646878448607067,0.9646878448607065,0.9646878448607065,0.9646878448607065,0.9646878448607065,0.9646878448607067,0.9646878448607065,0.9646878448607065,0.9646878448607067,0.9646878448607065,0.9646878448607067,0.9646878448607065,0.9646878448607065,1.0,0.9646878448607065,0.9646878448607065,0.9646878448607065,0.9646878448607067
-0.10530136892907027,-0.10530136892907027,-0.10530136892907027,-0.10530136892907027,-0.10530136892907029,-0.10530136892907029,-0.10530136892907027,-0.10530136892907027,-0.10530136892907072,-0.10530136892907029,-0.10530136892907027,-0.1053013689290705,-0.10530136892907026,-0.1053013689290705,-0.10530136892907029,-0.10530136892907027,-0.10530136892907029,-0.10530136892907027,-0.10530136892907027,-0.10530136892907029
0.9926332526702003,0.9926332526702003,0.9926332526702003,0.9926332526702003,0.9926332526702003,0.9926332526702003,0.9926332526702003,0.9926332526702003,0.9926332526702001,0.9926332526702003,0.9926332526702003,0.9926332526702003,0.9926332526702003,0.9926332526702003,0.9926332526702003,0.9926332526702003,0.9926332526702003,0.9926332526702003,0.9926332526702003,0.9926332526702003
0.5561327236754854,0.5561327236754854,0.5561327236754853,0.5561327236754854,0.5561327236754854,0.5561327236754853,0.5561327236754854,0.5561327236754854,0.5561327236754854,0.5561327236754854,0.5561327236754853,0.5561327236754854,0.5561327236754853,0.5561327236754854,0.5561327236754854,0.5561327236754854,0.5561327236754854,0.5561327236754854,0.5561327236754854,0.5561327236754854
0.9791488709125098,0.9791488709125098,0.9791488709125098,0.9791488709125098,0.9791488709125098,0.9791488709125098,0.9791488709125098,0.9791488709125098,0.9791488709125098,0.9791488709125098,0.9791488709125098,0.9791488709125098,0.9791488709125098,0.9791488709125098,0.9791488709125098,1.0,0.9791488709125098,0.9791488709125098,0.9791488709125098,0.9791488709125098
0.06875967291999374,0.06875967291999341,0.06875967291999341,0.06875967291999374,0.06875967291999341,0.06875967291999352,0.06875967291999341,0.0687596729199933,0.06875967291999374,0.06875967291999374,0.0687596729199933,0.06875967291999374,0.06875967291999363,0.06875967291999363,0.06875967291999374,0.06875967291999374,0.06875967291999341,0.06875967291999374,0.06875967291999352,0.06875967291999374
0.09952761995901349,0.09952761995901338,0.0995276199590136,0.0995276199590136,0.09952761995901338,0.09952761995901327,0.09952761995901371,0.0995276199590136,0.0995276199590136,0.09952761995901371,0.0995276199590136,0.09952761995901371,0.09952761995901371,0.09952761995901338,0.0995276199590136,0.0995276199590136,0.0995276199590136,0.09952761995901371,0.09952761995901338,0.09952761995901349
0.9419521800161959,0.9419521800161959,0.9419521800161959,0.9419521800161959,0.9419521800161959,0.9419521800161959,0.9419521800161959,0.9419521800161959,0.9419521800161959,0.9419521800161959,0.9419521800161959,0.9419521800161959,0.9419521800161959,0.9419521800161959,0.9419521800161959,0.9419521800161959,0.9419521800161959,0.9419521800161959,0.9419521800161959,0.9419521800161959
0.01894749647309446,0.018947496473094683,0.018947496473094683,0.018947496473094683,0.01894749647309424,0.018947496473094683,0.018947496473093906,0.018947496473094683,0.01894749647309424,0.018947496473094683,0.01894749647309424,0.01894749647309446,0.01894749647309424,0.01894749647309446,0.01894749647309424,0.018947496473094683,0.018947496473094683,0.01894749647309424,0.018947496473094683,0.01894749647309446
0.924312746124741,0.924312746124741,0.924312746124741,0.924312746124741,0.924312746124741,0.924312746124741,0.924312746124741,0.924312746124741,0.924312746124741,0.924312746124741,0.924312746124741,0.9243127461247411,0.924312746124741,0.924312746124741,0.924312746124741,0.924312746124741,0.924312746124741,0.924312746124741,0.924312746124741,0.924312746124741
0.032319043354588906,0.032319043354588906,0.032319043354588906,0.032319043354588906,0.032319043354588906,0.032319043354588906,0.03231904335458913,0.032319043354588906,0.032319043354588906,0.032319043354588906,0.032319043354588906,0.032319043354588906,0.032319043354588906,0.032319043354588906,0.032319043354588906,0.032319043354588906,0.032319043354588906,0.03231904335458924,0.032319043354588906,0.03231904335458913
0.08205103885261367,0.08205103885261376,0.082051038852614,0.08205103885261367,0.08205103885261389,0.08205103885261367,0.08205103885261389,0.08205103885261389,0.0820510388526139,0.08205103885261389,0.08205103885261367,0.08205103885261411,0.08205103885261367,0.0820510388526139,0.08205103885261389,1.0,0.08205103885261376,0.08205103885261367,0.08205103885261411,0.08205103885261411
0.030465794596976847,0.030465794596976847,0.030465794596977066,0.03046579459697696,0.030465794596976847,0.030465794596976847,0.03046579459697696,0.030465794596976847,0.030465794596976847,0.030465794596977073,0.030465794596976847,0.030465794596976847,0.03046579459697718,0.03046579459697696,0.03046579459697718,0.030465794596977073,0.030465794596977073,0.030465794596976847,0.030465794596977066,0.030465794596976847
0.9740690544030919,0.9740690544030919,0.9740690544030919,0.9740690544030919,0.9740690544030919,0.9740690544030919,0.9740690544030919,0.9740690544030919,0.9740690544030919,0.9740690544030917,0.9740690544030919,0.9740690544030919,0.9740690544030919,0.9740690544030919,0.9740690544030919,0.9740690544030919,0.9740690544030919,0.9740690544030919,0.9740690544030919,0.9740690544030917
0.18927469086894047,0.18927469086894033,0.18927469086894033,0.18927469086894047,0.18927469086894044,0.18927469086894066,0.18927469086894078,0.1892746908689409,0.18927469086894066,0.18927469086894047,0.18927469086894055,0.18927469086894078,0.18927469086894078,0.18927469086894044,0.18927469086894066,0.18927469086894066,0.18927469086894066,0.18927469086894066,0.18927469086894078,0.18927469086894033
0.9599822494500453,0.9599822494500453,0.9599822494500453,0.9599822494500453,0.9599822494500453,0.9599822494500453,0.9599822494500453,0.9599822494500453,0.9599822494500453,0.9599822494500453,0.9599822494500453,0.9599822494500453,0.9599822494500453,0.9599822494500453,0.9599822494500453,0.9599822494500453,0.9599822494500453,0.9599822494500453,0.9599822494500453,0.9599822494500453
0.03543315596253693,0.03543315596253671,0.035433155962537266,0.03543315596253693,0.035433155962537044,0.035433155962537044,0.035433155962537044,0.03543315596253693,0.035433155962537044,0.035433155962537044,0.03543315596253693,0.035433155962537044,0.03543315596253693,0.03543315596253693,0.035433155962537044,0.03543315596253693,0.03543315596253693,0.03543315596253693,0.03543315596253693,0.035433155962537044
0.040536915144850694,0.040536915144850694,0.04053691514485058,0.04053691514485058,0.040536915144850805,0.04053691514485047,0.04053691514485036,0.04053691514485036,0.04053691514485047,0.04053691514485047,0.04053691514485047,0.040536915144850694,0.040536915144850694,0.04053691514485047,0.04053691514485047,0.040536915144850694,0.04053691514485047,0.04053691514485047,0.04053691514485047,0.04053691514485047
-0.17147937158808224,-0.17147937158808224,-0.17147937158808246,-0.17147937158808202,-0.17147937158808227,-0.17147937158808202,-0.17147937158808182,-0.17147937158808182,-0.17147937158808224,-0.17147937158808157,-0.17147937158808182,-0.17147937158808224,-0.17147937158808202,-0.17147937158808202,-0.17147937158808202,-0.17147937158808202,-0.17147937158808202,-0.17147937158808202,-0.17147937158808202,-0.17147937158808182
0.025496283643638873,0.025496283643638984,0.025496283643638873,0.025496283643639206,0.025496283643638873,0.025496283643639206,0.025496283643639317,0.025496283643638873,0.025496283643638873,0.025496283643638984,0.025496283643638984,0.025496283643638984,0.025496283643638873,0.025496283643639095,0.025496283643639095,0.025496283643638984,0.025496283643638984,0.025496283643639206,0.025496283643639095,0.025496283643638873
0.8097731421741678,0.809773142174168,0.8097731421741681,0.8097731421741678,0.809773142174168,0.8097731421741678,0.8097731421741678,0.8097731421741681,0.809773142174168,0.8097731421741678,0.809773142174168,0.8097731421741678,0.8097731421741678,0.809773142174168,0.8097731421741678,0.8097731421741678,0.8097731421741678,0.8097731421741678,0.8097731421741678,0.809773142174168
0.9882897331377206,0.9882897331377206,0.9882897331377206,0.9882897331377206,0.9882897331377206,0.9882897331377206,0.9882897331377206,0.9882897331377206,0.9882897331377206,0.9882897331377206,0.9882897331377206,0.9882897331377206,0.9882897331377206,0.9882897331377206,0.9882897331377206,0.9882897331377206,0.9882897331377206,0.9882897331377206,0.9882897331377206,0.9882897331377206
0.9656651297866686,0.9656651297866686,0.9656651297866686,0.9656651297866686,0.9656651297866686,0.9656651297866686,0.9656651297866686,0.9656651297866686,0.9656651297866686,0.9656651297866686,0.9656651297866686,0.9656651297866686,0.9656651297866686,0.9656651297866686,0.9656651297866686,0.9656651297866686,0.9656651297866686,0.9656651297866686,0.9656651297866686,0.9656651297866686
0.0012478866284312273,0.0012478866284308943,0.0012478866284308943,0.0012478866284308943,0.0012478866284308943,0.0012478866284308943,0.0012478866284308943,0.0012478866284308943,0.0012478866284307832,0.0012478866284312273,0.0012478866284308943,0.0012478866284312273,0.0012478866284308943,0.0012478866284312273,0.0012478866284308943,0.0012478866284307832,0.0012478866284307832,0.0012478866284306722,0.0012478866284308943,0.0012478866284312273
0.9263438903052016,0.9263438903052016,0.9263438903052016,0.9263438903052016,0.9263438903052016,0.9263438903052016,0.9263438903052016,0.9263438903052017,0.9263438903052016,0.9263438903052016,0.9263438903052016,0.9263438903052016,0.9263438903052016,0.9263438903052016,0.9263438903052017,1.0,0.9263438903052016,0.9263438903052016,0.9263438903052016,0.9263438903052016
-0.018911016298301497,-0.018911016298301497,-0.018911016298301497,-0.018911016298301497,-0.018911016298301497,-0.01891101629830172,-0.018911016298301497,-0.01891101629830172,-0.01891101629830194,-0.018911016298301497,-0.018911016298301497,-0.01891101629830172,-0.018911016298301497,-0.01891101629830172,-0.01891101629830172,1.0,-0.01891101629830172,-0.01891101629830172,-0.018911016298301497,-0.01891101629830172
0.10044436690205705,0.10044436690205716,0.10044436690205705,0.10044436690205716,0.10044436690205705,0.10044436690205705,0.10044436690205727,0.10044436690205705,0.10044436690205705,0.10044436690205705,0.10044436690205716,0.10044436690205705,0.10044436690205705,0.10044436690205705,0.10044436690205705,0.10044436690205705,0.10044436690205705,0.10044436690205705,0.10044436690205705,0.10044436690205705
0.04422146905109525,0.04422146905109525,0.04422146905109525,0.04422146905109525,0.04422146905109525,0.04422146905109525,0.04422146905109525,0.04422146905109525,0.04422146905109525,0.04422146905109525,0.04422146905109525,0.04422146905109503,0.04422146905109525,0.04422146905109525,0.04422146905109525,0.04422146905109525,0.04422146905109525,0.04422146905109525,0.04422146905109525,0.04422146905109525
0.11455875732760723,0.11455875732760701,0.11455875732760712,0.1145587573276069,0.11455875732760723,0.11455875732760712,0.11455875732760712,0.11455875732760712,0.11455875732760701,0.11455875732760712,0.11455875732760712,0.11455875732760701,0.11455875732760712,0.11455875732760701,0.11455875732760712,1.0,0.11455875732760712,0.11455875732760723,0.11455875732760701,0.11455875732760712
0.08641864459762216,0.08641864459762238,0.0864186445976225,0.08641864459762216,0.08641864459762227,0.08641864459762216,0.08641864459762205,0.08641864459762227,0.08641864459762205,0.08641864459762216,0.0864186445976225,0.08641864459762216,0.08641864459762205,0.08641864459762227,0.08641864459762227,1.0,0.08641864459762216,0.08641864459762227,0.08641864459762227,0.08641864459762205
0.9011496201883696,0.9011496201883696,0.9011496201883696,0.9011496201883696,0.9011496201883696,0.9011496201883696,0.9011496201883697,0.9011496201883696,0.9011496201883699,0.9011496201883697,0.9011496201883696,0.9011496201883697,0.9011496201883697,0.9011496201883699,0.9011496201883697,0.9011496201883696,0.9011496201883696,0.9011496201883697,0.9011496201883697,0.9011496201883696
-0.20076187073459392,-0.2007618707345931,-0.20076187073459392,-0.20076187073459373,-0.2007618707345935,-0.20076187073459392,-0.20076187073459392,-0.20076187073459373,-0.20076187073459306,-0.20076187073459284,-0.20076187073459373,-0.2007618707345935,-0.2007618707345935,-0.20076187073459328,-0.20076187073459392,1.0,-0.20076187073459328,-0.20076187073459284,-0.2007618707345931,-0.20076187073459328
0.9778345816258363,1.0,0.9778345816258363,0.9778345816258363,0.9778345816258363,0.9778345816258363,0.9778345816258363,0.9778345816258363,0.9778345816258363,0.9778345816258363,0.9778345816258363,0.9778345816258363,0.9778345816258363,0.9778345816258363,0.9778345816258363,0.9778345816258363,0.9778345816258363,0.9778345816258363,0.9778345816258363,0.9778345816258363
0.09329332817882363,0.09329332817882374,0.09329332817882374,0.09329332817882396,0.09329332817882363,0.09329332817882374,0.09329332817882374,0.09329332817882374,0.09329332817882374,0.09329332817882374,0.09329332817882352,0.09329332817882374,0.09329332817882374,0.09329332817882385,0.09329332817882363,0.09329332817882363,0.09329332817882374,0.09329332817882374,0.09329332817882363,0.09329332817882374
0.9661536747070233,0.9661536747070233,0.9661536747070233,0.9661536747070233,0.9661536747070233,0.9661536747070233,0.9661536747070233,0.9661536747070233,0.9661536747070233,0.9661536747070233,0.9661536747070233,0.9661536747070233,0.9661536747070233,0.9661536747070233,0.9661536747070233,0.9661536747070233,0.9661536747070233,0.9661536747070233,0.9661536747070233,0.9661536747070233
0.030506358353726504,0.030506358353726726,0.030506358353726726,0.030506358353726726,0.030506358353726726,0.030506358353726837,0.030506358353726726,0.030506358353726948,0.030506358353726837,0.030506358353726948,0.030506358353726615,0.030506358353726726,0.030506358353726615,0.030506358353726726,0.030506358353726726,0.030506358353726948,0.030506358353726615,0.030506358353726615,0.030506358353726726,0.030506358353726726
0.029697397544540594,0.029697397544540594,0.029697397544540594,0.029697397544540594,0.029697397544540927,1.0,0.029697397544540594,0.029697397544541034,0.029697397544540816,0.029697397544540594,0.029697397544540594,0.029697397544540927,0.029697397544540594,0.029697397544540927,0.029697397544540594,0.029697397544540483,0.029697397544540594,0.029697397544540927,0.029697397544540594,0.029697397544540594
0.09021254641105758,1.0,0.09021254641105769,0.09021254641105769,0.09021254641105747,0.09021254641105758,0.09021254641105747,0.09021254641105758,0.09021254641105758,0.09021254641105758,0.09021254641105758,0.09021254641105791,0.09021254641105758,0.09021254641105769,0.09021254641105758,1.0,0.09021254641105769,0.09021254641105769,0.09021254641105758,0.09021254641105758
0.988583874102829,0.988583874102829,0.988583874102829,0.988583874102829,0.988583874102829,0.988583874102829,0.988583874102829,0.988583874102829,0.988583874102829,0.988583874102829,0.988583874102829,0.988583874102829,0.988583874102829,0.988583874102829,0.988583874102829,0.988583874102829,0.988583874102829,0.988583874102829,0.988583874102829,0.988583874102829
0.016782833199017966,0.016782833199017966,0.016782833199017966,0.016782833199017633,0.016782833199017966,0.016782833199017966,0.016782833199017966,0.016782833199017633,0.016782833199017633,0.016782833199017966,0.016782833199017744,0.016782833199017744,0.016782833199017966,0.016782833199017966,0.016782833199017966,0.016782833199017966,0.016782833199017966,0.016782833199017633,0.016782833199017633,0.016782833199017744
0.05598081776190256,0.05598081776190278,0.05598081776190256,0.05598081776190256,0.055980817761903,0.05598081776190256,0.05598081776190289,0.05598081776190267,0.05598081776190278,0.05598081776190256,0.05598081776190267,0.05598081776190311,0.05598081776190256,0.05598081776190278,0.05598081776190267,0.05598081776190267,0.05598081776190267,0.05598081776190278,0.055980817761903,0.055980817761903
0.9175206885554988,0.9175206885554988,0.917520688555499,0.917520688555499,0.917520688555499,0.9175206885554988,0.9175206885554988,0.9175206885554988,0.9175206885554988,0.9175206885554988,0.9175206885554988,0.9175206885554988,0.917520688555499,0.9175206885554991,0.917520688555499,0.9175206885554988,0.9175206885554988,0.9175206885554988,0.917520688555499,0.9175206885554988
0.1119159747173416,0.1119159747173415,0.1119159747173415,0.1119159747173415,0.11191597471734138,0.11191597471734138,0.1119159747173415,0.1119159747173415,0.11191597471734138,0.1119159747173416,0.11191597471734172,0.11191597471734172,0.11191597471734172,0.11191597471734172,0.1119159747173416,0.11191597471734173,0.1119159747173415,0.11191597471734173,0.1119159747173416,0.1119159747173415
0.018699533831541992,0.01869953383154166,0.01869953383154166,0.01869953383154166,0.01869953383154166,0.01869953383154166,0.01869953383154166,0.01869953383154177,0.01869953383154166,0.01869953383154166,0.018699533831541992,0.01869953383154177,0.018699533831541992,0.01869953383154166,0.018699533831541992,1.0,0.018699533831541992,0.018699533831541992,0.01869953383154166,0.018699533831541326
0.08059547982287973,0.08059547982287973,0.08059547982287985,0.08059547982287985,0.08059547982287951,0.08059547982287973,0.08059547982287973,0.08059547982287973,0.08059547982287986,0.08059547982287951,0.08059547982287951,0.08059547982287985,0.08059547982287964,0.08059547982287962,0.08059547982287964,0.08059547982287986,0.08059547982287986,0.08059547982287973,0.08059547982287973,0.08059547982287985
0.9219071581647387,0.9219071581647386,0.9219071581647387,0.9219071581647387,0.9219071581647387,0.9219071581647386,0.9219071581647387,0.9219071581647387,0.9219071581647387,0.9219071581647387,0.9219071581647387,0.9219071581647387,0.9219071581647387,0.9219071581647387,0.9219071581647386,0.9219071581647386,0.9219071581647387,0.9219071581647386,0.9219071581647387,0.9219071581647387
0.5827224026986118,0.5827224026986118,0.5827224026986118,0.5827224026986118,0.5827224026986118,0.5827224026986118,0.5827224026986118,0.5827224026986118,0.5827224026986118,0.5827224026986118,0.5827224026986118,0.5827224026986118,0.5827224026986118,0.5827224026986118,0.5827224026986118,1.0,0.5827224026986118,0.5827224026986118,0.5827224026986118,0.5827224026986118
0.01616640656392998,0.01616640656392976,0.016166406563929647,0.016166406563930202,0.01616640656392987,0.01616640656392987,0.01616640656392987,0.01616640656392987,0.01616640656392987,0.016166406563929647,0.016166406563929647,0.016166406563929647,0.016166406563929647,0.01616640656392987,0.01616640656392987,0.01616640656392987,0.01616640656392998,0.01616640656392987,0.01616640656392987,0.016166406563930202
0.006644443679964418,0.006644443679964418,0.006644443679964196,0.006644443679964418,0.006644443679964196,0.006644443679964418,0.006644443679964418,0.006644443679964418,0.006644443679964418,0.006644443679964418,0.006644443679964196,0.006644443679964196,0.006644443679964418,0.006644443679964418,0.006644443679964418,1.0,0.006644443679964418,0.006644443679964418,0.006644443679964196,0.006644443679964418
0.8330200893692142,0.8330200893692142,0.8330200893692142,0.8330200893692142,0.8330200893692142,0.8330200893692142,0.8330200893692142,0.8330200893692142,0.8330200893692142,0.8330200893692142,0.8330200893692143,0.8330200893692142,0.8330200893692142,0.8330200893692142,0.8330200893692142,0.8330200893692142,0.8330200893692142,0.8330200893692142,0.8330200893692142,0.8330200893692142
0.07849241424850162,0.07849241424850151,0.07849241424850184,0.07849241424850184,0.07849241424850162,0.07849241424850184,0.07849241424850162,0.07849241424850184,0.07849241424850151,0.07849241424850151,0.07849241424850162,0.0784924142485014,0.07849241424850162,0.07849241424850184,0.07849241424850184,0.0784924142485014,0.07849241424850151,0.07849241424850151,0.07849241424850162,0.07849241424850184
0.9719608172305108,0.9719608172305108,0.9719608172305108,0.9719608172305108,0.9719608172305108,0.9719608172305108,0.9719608172305108,0.9719608172305108,0.9719608172305108,0.9719608172305108,0.9719608172305108,0.9719608172305108,0.9719608172305108,0.9719608172305108,0.9719608172305108,0.9719608172305108,0.9719608172305108,0.9719608172305108,0.9719608172305108,0.9719608172305108
0.921580640050524,0.9215806400505239,0.9215806400505241,0.9215806400505241,0.9215806400505241,0.9215806400505239,0.9215806400505239,0.9215806400505241,0.9215806400505239,0.9215806400505241,0.9215806400505239,0.9215806400505241,0.9215806400505239,0.921580640050524,0.9215806400505239,1.0,0.9215806400505241,0.9215806400505241,0.9215806400505241,0.9215806400505241
0.9938714524774317,0.9938714524774317,0.9938714524774317,0.9938714524774317,0.9938714524774317,0.9938714524774317,0.9938714524774317,0.9938714524774317,0.9938714524774317,0.9938714524774317,0.9938714524774317,0.9938714524774317,0.9938714524774317,0.9938714524774317,0.9938714524774317,0.9938714524774317,0.9938714524774317,0.9938714524774317,0.9938714524774317,0.9938714524774317
0.04911810041391196,0.049118100413911625,0.04911810041391185,0.04911810041391185,0.04911810041391207,0.049118100413911625,0.04911810041391207,0.049118100413911625,0.04911810041391229,0.04911810041391196,0.04911810041391207,0.04911810041391229,0.04911810041391229,0.04911810041391218,0.04911810041391207,0.04911810041391207,0.04911810041391207,0.04911810041391229,0.04911810041391207,0.04911810041391207
0.014593376011700188,0.01459337601170041,0.014593376011700188,0.01459337601170041,0.01459337601170041,0.014593376011700188,0.01459337601170041,0.01459337601170041,0.01459337601170041,0.01459337601170041,0.014593376011700188,0.01459337601170041,0.01459337601170041,0.01459337601170041,0.014593376011700188,1.0,1.0,0.014593376011700188,0.014593376011700188,0.014593376011700188
0.05029039872429675,0.05029039872429697,0.050290398724296866,0.05029039872429675,0.05029039872429697,0.05029039872429675,0.05029039872429675,0.05029039872429697,0.05029039872429664,0.05029039872429697,0.05029039872429664,0.05029039872429664,0.05029039872429697,0.05029039872429697,0.05029039872429686,0.05029039872429675,0.05029039872429675,0.05029039872429675,0.05029039872429697,0.05029039872429664
0.9567925522303647,0.9567925522303647,0.9567925522303647,0.9567925522303646,0.9567925522303647,0.9567925522303646,0.9567925522303646,0.9567925522303647,0.9567925522303647,0.9567925522303647,0.9567925522303647,0.9567925522303646,0.9567925522303647,0.9567925522303647,0.9567925522303647,0.9567925522303646,0.9567925522303647,0.9567925522303647,0.9567925522303647,0.9567925522303647
0.047973965946918606,0.04797396594691861,0.04797396594691838,0.047973965946918495,0.04797396594691861,0.047973965946918606,0.047973965946918495,0.047973965946918495,0.04797396594691838,0.04797396594691849,0.047973965946918384,0.047973965946918606,0.047973965946918384,0.047973965946918495,0.047973965946918606,1.0,0.047973965946918384,0.04797396594691838,0.047973965946918606,0.04797396594691849
0.9229390918179105,0.9229390918179105,0.9229390918179105,0.9229390918179103,0.9229390918179105,0.9229390918179106,0.9229390918179103,0.9229390918179103,0.9229390918179106,0.9229390918179105,0.9229390918179103,0.9229390918179103,0.9229390918179106,0.9229390918179103,0.9229390918179105,0.9229390918179105,0.9229390918179105,0.9229390918179103,0.9229390918179106,0.9229390918179106
0.9396092004198298,0.9396092004198298,0.9396092004198298,0.9396092004198298,0.9396092004198299,0.9396092004198299,0.9396092004198298,0.9396092004198298,0.9396092004198298,0.9396092004198298,0.9396092004198298,0.9396092004198298,0.9396092004198299,0.9396092004198299,0.9396092004198298,0.9396092004198299,0.9396092004198298,0.9396092004198299,0.9396092004198298,0.9396092004198298
0.9219281284012938,0.9219281284012938,0.9219281284012938,0.9219281284012938,0.9219281284012938,0.9219281284012938,0.9219281284012938,0.9219281284012938,0.9219281284012938,0.9219281284012938,0.9219281284012938,0.9219281284012938,0.9219281284012938,0.9219281284012938,0.9219281284012938,0.9219281284012938,0.9219281284012939,0.9219281284012938,0.9219281284012938,0.9219281284012939
0.03029166443715292,0.030291664437152477,0.030291664437152477,0.03029166443715292,0.030291664437152588,0.030291664437152588,0.03029166443715281,0.03029166443715281,0.030291664437152588,0.030291664437152588,0.030291664437152588,0.03029166443715281,0.030291664437153032,0.03029166443715281,0.03029166443715281,0.03029166443715281,0.03029166443715281,0.030291664437152588,0.03029166443715281,0.03029166443715292
0.10489102385319682,0.1048910238531967,0.10489102385319637,0.10489102385319637,0.1048910238531967,0.10489102385319649,0.10489102385319637,0.10489102385319671,0.10489102385319649,0.10489102385319649,0.10489102385319637,0.10489102385319649,0.10489102385319649,0.10489102385319649,0.10489102385319682,0.10489102385319637,0.10489102385319671,0.1048910238531967,0.10489102385319649,0.10489102385319637
0.12466519074673821,0.12466519074673854,0.12466519074673833,0.12466519074673843,0.12466519074673843,0.12466519074673854,0.12466519074673821,0.12466519074673843,0.12466519074673833,0.12466519074673843,0.12466519074673867,0.12466519074673843,0.1246651907467381,0.12466519074673833,0.12466519074673833,0.12466519074673821,0.12466519074673821,0.12466519074673821,0.12466519074673854,0.12466519074673854
0.973448387024455,0.973448387024455,0.973448387024455,0.973448387024455,0.973448387024455,0.973448387024455,0.973448387024455,0.973448387024455,0.973448387024455,0.973448387024455,0.973448387024455,0.973448387024455,0.973448387024455,0.973448387024455,0.973448387024455,0.973448387024455,0.973448387024455,0.973448387024455,0.973448387024455,0.973448387024455
0.01972441789845758,0.01972441789845758,0.01972441789845758,0.01972441789845758,0.01972441789845758,0.01972441789845758,0.01972441789845758,0.01972441789845747,0.01972441789845758,0.01972441789845758,0.01972441789845758,0.019724417898457802,0.01972441789845758,0.019724417898457802,0.01972441789845758,1.0,0.019724417898457802,0.01972441789845758,0.01972441789845758,0.019724417898457802
0.917370846411722,0.917370846411722,0.917370846411722,0.917370846411722,0.917370846411722,0.917370846411722,0.917370846411722,0.917370846411722,0.917370846411722,0.917370846411722,0.917370846411722,0.917370846411722,0.9173708464117218,0.917370846411722,0.917370846411722,0.9173708464117218,0.917370846411722,0.917370846411722,0.9173708464117218,0.917370846411722
0.06271334969501363,0.06271334969501363,0.06271334969501363,0.06271334969501363,0.06271334969501385,0.06271334969501352,0.06271334969501363,0.06271334969501363,0.06271334969501374,0.06271334969501374,0.06271334969501363,0.06271334969501363,0.06271334969501363,0.06271334969501352,0.06271334969501363,0.06271334969501374,0.06271334969501352,0.06271334969501363,0.06271334969501363,0.06271334969501363
0.02672794468452777,0.02672794468452777,0.026727944684527438,0.026727944684527438,0.026727944684527438,0.02672794468452766,0.02672794468452755,0.02672794468452766,0.026727944684527664,0.02672794468452766,0.026727944684527882,0.02672794468452777,0.026727944684527997,0.026727944684527438,0.026727944684527882,0.026727944684527438,0.02672794468452766,0.02672794468452766,0.026727944684527438,0.02672794468452777
0.9194868743991675,0.9194868743991673,0.9194868743991674,0.9194868743991674,0.9194868743991674,0.9194868743991675,0.9194868743991673,0.9194868743991675,0.9194868743991674,0.9194868743991674,0.9194868743991674,0.9194868743991674,0.9194868743991674,0.9194868743991675,0.9194868743991674,0.9194868743991674,0.9194868743991675,0.9194868743991674,0.9194868743991674,0.9194868743991675
0.9604647223979689,0.9604647223979689,0.9604647223979691,0.9604647223979689,0.960464722397969,0.9604647223979689,0.960464722397969,0.9604647223979689,0.960464722397969,0.9604647223979689,0.960464722397969,0.960464722397969,0.960464722397969,0.960464722397969,0.9604647223979689,0.960464722397969,0.960464722397969,0.9604647223979689,0.960464722397969,0.9604647223979689
0.947356566057857,0.947356566057857,0.947356566057857,0.947356566057857,0.947356566057857,0.947356566057857,0.947356566057857,0.947356566057857,0.947356566057857,0.947356566057857,0.947356566057857,0.947356566057857,0.947356566057857,0.947356566057857,0.947356566057857,1.0,0.947356566057857,0.947356566057857,0.947356566057857,0.947356566057857
0.9542282201394101,0.9542282201394101,0.9542282201394101,0.9542282201394101,0.9542282201394101,0.9542282201394101,0.9542282201394101,0.9542282201394101,0.9542282201394101,0.9542282201394101,0.9542282201394101,0.9542282201394101,0.9542282201394101,0.9542282201394101,0.9542282201394101,1.0,0.9542282201394101,0.9542282201394101,0.9542282201394101,0.9542282201394101
0.9757691498100973,0.9757691498100973,0.9757691498100973,0.9757691498100973,0.9757691498100973,0.9757691498100973,0.9757691498100973,0.9757691498100974,0.9757691498100973,0.9757691498100973,0.9757691498100974,0.9757691498100973,0.9757691498100974,0.9757691498100973,0.9757691498100973,0.9757691498100973,0.9757691498100973,0.9757691498100973,0.9757691498100974,0.9757691498100974
0.16228918816694837,0.16228918816694837,0.16228918816694815,0.16228918816694793,0.16228918816694837,0.16228918816694815,0.16228918816694826,0.16228918816694815,0.16228918816694804,0.16228918816694815,0.16228918816694815,0.16228918816694793,0.16228918816694826,0.16228918816694815,0.16228918816694826,1.0,0.16228918816694837,0.16228918816694837,0.16228918816694837,0.16228918816694826
0.7240286361926536,0.7240286361926536,0.7240286361926538,0.7240286361926538,0.7240286361926536,0.7240286361926538,0.7240286361926538,0.7240286361926536,0.7240286361926536,0.7240286361926538,0.7240286361926536,0.7240286361926538,0.7240286361926536,0.7240286361926536,0.7240286361926538,0.7240286361926536,0.7240286361926536,0.7240286361926536,0.7240286361926537,0.7240286361926538
0.21165894430338464,0.2116589443033846,0.21165894430338472,0.21165894430338417,0.21165894430338472,0.2116589443033846,0.2116589443033844,0.2116589443033846,0.21165894430338475,0.21165894430338417,0.21165894430338428,0.21165894430338472,0.21165894430338464,0.21165894430338472,0.21165894430338472,0.2116589443033844,0.21165894430338417,0.21165894430338494,0.21165894430338417,0.21165894430338464
0.8977524598359778,0.8977524598359778,0.8977524598359778,0.8977524598359778,0.8977524598359778,0.8977524598359778,0.8977524598359778,0.8977524598359778,0.8977524598359778,0.8977524598359778,0.8977524598359778,0.8977524598359778,0.8977524598359778,0.8977524598359778,0.8977524598359778,0.8977524598359778,0.8977524598359778,0.8977524598359778,0.8977524598359778,0.8977524598359778
0.03227461525130593,0.03227461525130626,0.03227461525130593,0.03227461525130626,0.03227461525130626,0.03227461525130626,0.03227461525130626,0.03227461525130626,0.03227461525130593,0.03227461525130626,0.03227461525130593,0.03227461525130626,0.03227461525130604,0.03227461525130626,0.03227461525130626,0.03227461525130604,0.03227461525130604,0.03227461525130626,0.03227461525130626,0.03227461525130615
0.8333840830881518,0.8333840830881518,0.8333840830881518,0.8333840830881518,0.8333840830881518,0.8333840830881518,0.8333840830881518,0.8333840830881518,0.8333840830881518,0.8333840830881518,0.8333840830881518,0.8333840830881518,0.8333840830881518,0.8333840830881518,0.8333840830881518,0.8333840830881518,0.8333840830881518,0.8333840830881518,0.8333840830881518,0.8333840830881518
0.9241029025522002,0.9241029025522002,0.9241029025522002,0.9241029025522002,0.9241029025522002,0.9241029025522002,0.9241029025522002,0.9241029025522002,0.9241029025522002,0.9241029025522002,0.9241029025522002,0.9241029025522002,0.9241029025522002,0.9241029025522002,0.9241029025522002,0.9241029025522002,0.9241029025522002,0.9241029025522002,0.9241029025522002,0.9241029025522002
